CID,CRPName
N00007665,"Abercrombie, Neil"
N00009825,"Acevedo-Vila, Anibal"
N00001143,"Ackerman, Gary"
N00030926,"Adams, Sandy"
N00003028,"Aderholt, Robert B"
N00000812,"Adler, John H"
N00007653,"Akaka, Daniel K"
N00009677,"Akin, Todd"
N00009888,"Alexander, Lamar"
N00025464,"Alexander, Rodney"
N99999926,"Alito, Samuel A"
N00009082,"Allard, Wayne"
N00009957,"Allen, George"
N00000469,"Allen, Tom"
N00027664,"Altmire, Jason"
N00031938,"Amash, Justin"
N00031177,"Amodei, Mark"
N00000826,"Andrews, Robert E"
N00027890,"Arcuri, Michael"
N00005165,"Ashcroft, John"
N00029412,"Austria, Steve C"
N00030980,"Ayotte, Kelly A"
N00007089,"Baca, Joe"
N00027493,"Bachmann, Michele Marie"
N00008091,"Bachus, Spencer"
N00007936,"Baird, Brian"
N00005407,"Baker, Richard"
N00004367,"Baldwin, Tammy"
N00002377,"Ballenger, Cass"
N00033981,"Barber, Ron"
N00025495,"Barletta, Louis J"
N00031233,"Barr, Andy"
N00006236,"Barrasso, John A"
N00013837,"Barrett, Gresham"
N00026080,"Barrow, John"
N99999959,"Bartlett, Daniel"
N00002017,"Bartlett, Roscoe G"
N00005656,"Barton, Joe"
N00000423,"Bass, Charles"
N00031877,"Bass, Karen"
N00004643,"Baucus, Max"
N00003762,"Bayh, Evan"
N00024875,"Bean, Melissa Luburich"
N00033904,"Beatty, Joyce"
N00025443,"Beauprez, Bob"
N00009774,"Becerra, Xavier"
N00029901,"Begich, Mark"
N00024919,"Bell, Chris"
N00031934,"Benishek, Daniel J"
N00030608,"Bennet, Michael F"
N00006347,"Bennett, Robert F"
N00033625,"Bentivolio, Kerry"
N00030717,"Bera, Ami"
N00005331,"Bereuter, Doug"
N00031629,"Berg, Rick"
N00009818,"Berkley, Shelley"
N00008094,"Berman, Howard L"
N99999968,"Bernanke, Ben S"
N00005455,"Berry, Marion"
N00001669,"Biden, Joseph R Jr"
N00004762,"Biggert, Judy"
N00006981,"Bilbray, Brian P"
N00027462,"Bilirakis, Gus"
N00002982,"Bilirakis, Michael"
N00006518,"Bingaman, Jeff"
N00025292,"Bishop, Rob"
N00002674,"Bishop, Sanford D Jr"
N00025413,"Bishop, Timothy H"
N00031539,"Black, Diane Lynn"
N00003105,"Blackburn, Marsha"
N99999901,"Blank, Rebecca"
N00007727,"Blumenauer, Earl"
N00031685,"Blumenthal, Richard"
N00005195,"Blunt, Roy"
N00029161,"Boccieri, John A"
N99999977,"Bodman, Samuel W III"
N00001267,"Boehlert, Sherwood"
N00003675,"Boehner, John"
N99999980,"Bolten, Joshua B"
N00033474,"Bonamici, Suzanne"
N00005178,"Bond, Christopher S 'Kit'"
N00005985,"Bonilla, Henry"
N00025330,"Bonner, Jo"
N00007068,"Bono, Mary"
N00035267,"Booker, Cory"
N00013873,"Boozman, John"
N00024866,"Bordallo, Madeleine Z"
N00026481,"Boren, Dan"
N00004208,"Boswell, Leonard L"
N00002171,"Boucher, Rick"
N00026595,"Boustany, Charles W Jr"
N00006692,"Boxer, Barbara"
N00002743,"Boyd, Allen"
N00026434,"Boyda, Nancy E"
N00025059,"Bradley, Jeb"
N00005883,"Brady, Kevin"
N00001619,"Brady, Robert A"
N00027464,"Braley, Bruce"
N00005385,"Breaux, John"
N99999925,"Breyer, Stephen G"
N00033532,"Bridenstine, James"
N00029838,"Bright, Bobby Neal Sr"
N00030910,"Brooks, Mo"
N00033495,"Brooks, Susan"
N00028986,"Broun, Paul Jr"
N00002713,"Brown, Corrine"
N00002428,"Brown, Henry"
N99999964,"Brown, Michael D"
N00031174,"Brown, Scott P"
N00003535,"Brown, Sherrod"
N00005244,"Brownback, Sam"
N00034254,"Brownley, Julia"
N00024777,"Brown-Waite, Ginny"
N99999903,"Bryson, John E"
N00027626,"Buchanan, Vernon"
N00031227,"Bucshon, Larry D"
N00031640,"Buerkle, Ann Marie"
N00003437,"Bunning, Jim"
N00025219,"Burgess, Michael"
N00004638,"Burns, Conrad"
N00025597,"Burns, Max"
N00002221,"Burr, Richard"
N00015389,"Burris, Roland W"
N00000010,"Burton, Dan"
N99999899,"Burwell, Sylvia"
N00008072,"Bush, George W"
N00033390,"Bustos, Cheri"
N00027035,"Butterfield, G K"
N00003924,"Buyer, Steve"
N00002200,"Byrd, Robert C"
N00007099,"Calvert, Ken"
N00008086,"Camp, Dave"
N00006202,"Campbell, Ben Nighthorse"
N00027565,"Campbell, John"
N00006349,"Cannon, Chris"
N00026722,"Canseco, Francisco"
N00013131,"Cantor, Eric"
N00007836,"Cantwell, Maria"
N00030339,"Cao, Joseph"
N00009771,"Capito, Shelley Moore"
N00007232,"Capps, Lois"
N00000267,"Capuano, Michael E"
N99999983,"Card, Andrew H"
N00033373,"Cardenas, Tony"
N00001955,"Cardin, Ben"
N00024874,"Cardoza, Dennis"
N00005181,"Carnahan, Russ"
N00027703,"Carney, Chris"
N00030736,"Carney, John"
N00012508,"Carper, Tom"
N00029513,"Carson, Andre"
N00009704,"Carson, Brad"
N00003758,"Carson, Julia"
N00025095,"Carter, John"
N00034128,"Cartwright, Matt"
N00025882,"Case, Ed"
N00027503,"Casey, Bob"
N00030245,"Cassidy, William"
N00009775,"Castle, Michael N"
N00027514,"Castor, Kathy"
N00033316,"Castro, Joaquin"
N00029680,"Cazayoux, Donald J"
N00003689,"Chabot, Steve"
N00009954,"Chafee, Lincoln D"
N00028958,"Chaffetz, Jason"
N00002685,"Chambliss, Saxby"
N00026591,"Chandler, Ben"
N99999984,"Chao, Elaine L"
N00006237,"Cheney, Dick"
N99999972,"Chertoff, Michael"
N00029692,"Childers, Travis W"
N00012586,"Chocola, Chris"
N00000133,"Christian-Green, Donna"
N00030600,"Chu, Judy"
N99999948,"Chu, Steven"
N00032019,"Cicilline, David N"
N00031945,"Clarke, Hansen"
N00026961,"Clarke, Yvette D"
N00012460,"Clay, William L. Jr"
N00026790,"Cleaver, Emanuel"
N00000019,"Clinton, Hillary"
N00002408,"Clyburn, James E"
N00003845,"Coats, Daniel R"
N00002247,"Coble, Howard"
N00005601,"Coburn, Tom"
N00003328,"Cochran, Thad"
N00024753,"Coffman, Mike"
N00003225,"Cohen, Stephen Ira"
N00025726,"Cole, Tom"
N00013870,"Coleman, Norm"
N00001285,"Collins, Chris"
N00033518,"Collins, Doug"
N00002556,"Collins, Mac"
N00000491,"Collins, Susan M"
N00026041,"Conaway, Mike"
N00029891,"Connolly, Gerry"
N00004613,"Conrad, Kent"
N00004029,"Conyers, John Jr"
N00034224,"Cook, Paul"
N00031820,"Coons, Chris"
N00003132,"Cooper, Jim"
N00027441,"Corker, Bob"
N00024852,"Cornyn, John"
N00009945,"Corzine, Jon S"
N00026341,"Costa, Jim"
N00004956,"Costello, Jerry F"
N00033363,"Cotton, Thomas"
N00024842,"Courtney, Joe"
N99999896,"Cowan, William"
N00007124,"Cox, Christopher"
N00002091,"Craig, Larry"
N00003042,"Cramer, Bud"
N00004614,"Cramer, Kevin"
N00004698,"Crane, Phil"
N00006267,"Crapo, Mike"
N00031623,"Cravaack, Chip"
N00030770,"Crawford, Rick"
N00012739,"Crenshaw, Ander"
N00032014,"Critz, Mark"
N00001127,"Crowley, Joseph"
N00033085,"Cruz, Ted"
N00006242,"Cubin, Barbara"
N00024978,"Cuellar, Henry"
N00009738,"Culberson, John"
N00001971,"Cummings, Elijah E"
N00007050,"Cunningham, Randy ""Duke"""
N00034982,"CURSON, DAVID A."
N00029414,"Dahlkemper, Kathleen"
N00033054,"Daines, Steven"
N99999914,"Daley, William M"
N00004583,"Daschle, Tom"
N00009570,"Davis, Artur"
N00004884,"Davis, Danny K"
N00008758,"Davis, Dave"
N00024862,"Davis, Geoff"
N00002926,"Davis, Jim"
N00013078,"Davis, Jo Ann"
N00003264,"Davis, Lincoln"
N00034784,"Davis, Rodney"
N00009604,"Davis, Susan A"
N00002045,"Davis, Tom"
N00013291,"Dayton, Mark"
N00002610,"Deal, Nathan"
N00007781,"DeFazio, Peter"
N00006134,"DeGette, Diana"
N00000280,"Delahunt, Bill"
N00033897,"Delaney, John K"
N00000615,"DeLauro, Rosa L"
N00005892,"DeLay, Tom"
N00030693,"DelBene, Suzan"
N00002472,"DeMint, Jim"
N00031593,"Denham, Jeff"
N00026171,"Dent, Charles Wieder"
N00034746,"DeSantis, Ron"
N00030957,"Desjarlais, Scott Eugene"
N00031317,"Deutch, Ted"
N00002839,"Deutsch, Peter"
N00003709,"DeWine, Mike"
N00002872,"Diaz-Balart, Lincoln"
N00025337,"Diaz-Balart, Mario"
N00007918,"Dicks, Norm"
N00001783,"Dingell, John D"
N00029460,"Djou, Charles"
N00000581,"Dodd, Chris"
N00006023,"Doggett, Lloyd"
N00031103,"Dold, Robert"
N00008071,"Dole, Elizabeth"
N00006515,"Domenici, Pete V"
N99999986,"Donaldson, William H"
N00026586,"Donnelly, Joe"
N99999940,"Donovan, Shaun LS"
N00007251,"Dooley, Cal"
N00007556,"Doolittle, John T"
N00004615,"Dorgan, Byron L"
N00001373,"Doyle, Mike"
N00027281,"Drake, Thelma"
N00006932,"Dreier, David"
N00029211,"Driehaus, Steven Leo"
N00027860,"Duckworth, Tammy"
N00030967,"Duffy, Sean P"
N99999939,"Duncan, Arne S"
N00030752,"Duncan, Jeff"
N00003209,"Duncan, John J Jr"
N00007823,"Dunn, Jennifer"
N00004981,"Durbin, Dick"
N00005794,"Edwards, Chet"
N00028249,"Edwards, Donna"
N00002283,"Edwards, John"
N00004166,"Ehlers, Vernon J"
N00028257,"Ellison, Keith Maurice"
N00031513,"Ellmers, Renee"
N00027575,"Ellsworth, Brad"
N00024813,"Emanuel, Rahm"
N00005090,"Emerson, Jo Ann"
N00001003,"Engel, Eliot L"
N00001427,"English, Phil"
N00006619,"Ensign, John"
N00034884,"Enyart, William"
N00006249,"Enzi, Mike"
N00007335,"Eshoo, Anna"
N00033217,"Esty, Elizabeth"
N00002269,"Etheridge, Bob"
N00004912,"Evans, Lane"
N00003083,"Everett, Terry"
N00007632,"Faleomavaega, Eni F H"
N00027781,"Fallin, Mary"
N00031672,"Farenthold, Randolph Blake"
N00007312,"Farr, Sam"
N00001746,"Fattah, Chaka"
N00024851,"Feeney, Tom"
N00000036,"Feingold, Russ"
N00007364,"Feinstein, Dianne"
N00000766,"Ferguson, Mike"
N00007033,"Filner, Bob"
N00031141,"Fincher, Steve"
N00033443,"Fischer, Deb"
N00004690,"Fitzgerald, Peter G"
N00027229,"Fitzpatrick, Michael G"
N00009573,"Flake, Jeff"
N00030815,"Fleischmann, Charles J"
N00029679,"Fleming, John Calvin Jr"
N00031545,"Flores, William"
N00002898,"Foley, Mark"
N00013799,"Forbes, J Randy"
N00003218,"Ford, Harold E Jr"
N00026631,"Fortenberry, Jeffrey Lane"
N00026264,"Fortuno, Luis"
N00000983,"Fossella, Vito"
N00029139,"Foster, Bill"
N00026166,"Foxx, Virginia"
N00000275,"Frank, Barney"
N00002893,"Frankel, Lois J"
N00029016,"Franken, Al"
N00006423,"Franks, Trent"
N00000684,"Frelinghuysen, Rodney"
N00003147,"Frist, Bill"
N00005677,"Frost, Martin"
N00030490,"Fudge, Marcia L"
N00033281,"Gabbard, Tulsi"
N00007231,"Gallegly, Elton"
N00033541,"Gallego, Pete"
N00030856,"Garamendi, John"
N00029908,"Garcia, Joe"
N00030780,"Gardner, Cory"
N00000743,"Garrett, Scott"
N99999958,"Gates, Robert"
N99999941,"Geithner, Timothy F"
N00005037,"Gephardt, Richard A"
N00025025,"Gerlach, Jim"
N00006652,"Gibbons, Jim"
N00031128,"Gibbs, Bob"
N00031998,"Gibson, Chris"
N00027829,"Giffords, Gabrielle"
N00002012,"Gilchrest, Wayne T"
N99999957,"Gillespie, Edward W"
N00027658,"Gillibrand, Kirsten E"
N00003660,"Gillmor, Paul E"
N00024760,"Gingrey, Phil"
N99999924,"Ginsburg, Ruth Bader"
N00026148,"Gohmert, Louis B Jr"
N99999976,"Gonzales, Alberto"
N00005960,"Gonzalez, Charlie A"
N00002167,"Goode, Virgil H Jr"
N00009154,"Goodlatte, Bob"
N00032762,"Goodwin, Carte"
N00003126,"Gordon, Bart"
N00030771,"Gosar, Paul"
N00002960,"Goss, Porter"
N00030880,"Gowdy, Trey"
N00002742,"Graham, Bob"
N00009975,"Graham, Lindsey"
N00008799,"Granger, Kay"
N00001758,"Grassley, Chuck"
N00013323,"Graves, Sam"
N00030788,"Graves, Tom"
N00028418,"Grayson, Alan Mark"
N00026686,"Green, Al"
N00005870,"Green, Gene"
N00004391,"Green, Mark"
N99999967,"Greenspan, Alan"
N00001519,"Greenwood, James C"
N00000444,"Gregg, Judd"
N00031297,"Griffin, Tim"
N00032029,"Griffith, Morgan"
N00029917,"Griffith, Parker"
N00025284,"Grijalva, Raul M"
N00031401,"Grimm, Michael"
N00029400,"Grisham, Michelle Lujan"
N00030801,"Guinta, Frank"
N00029675,"Guthrie, Steven Brett"
N99999961,"Gutierrez, Carlos"
N00004874,"Gutierrez, Luis V"
N00004527,"Gutknecht, Gil"
N99999966,"Hadley, Stephen J"
N00029617,"Hagan, Kay R"
N00005301,"Hagel, Chuck"
N00006806,"Hahn, Janice"
N00027888,"Hall, John"
N00005645,"Hall, Ralph M"
N00029377,"Halvorson, Deborah ""Debbie"""
N99999927,"Hamburg, Margaret A"
N00025881,"Hanabusa, Colleen"
N00030197,"Hanna, Richard L"
N00028234,"Hare, Philip G"
N00004207,"Harkin, Tom"
N00006750,"Harman, Jane"
N00029632,"Harper, Gregg"
N00029147,"Harris, Andy"
N00024882,"Harris, Katherine"
N00009715,"Hart, Melissa"
N00031005,"Hartzler, Vicky"
N00004781,"Hastert, Dennis"
N00002884,"Hastings, Alcee L"
N00009157,"Hastings, Doc"
N00009869,"Hatch, Orrin G"
N00002315,"Hayes, Robin"
N00006455,"Hayworth, J D"
N00031124,"Hayworth, Nan"
N00031557,"Heck, Dennis"
N00031244,"Heck, Joe"
N00000048,"Hefley, Joel"
N00029835,"Heinrich, Martin"
N00033782,"Heitkamp, Heidi"
N00027522,"Heller, Dean"
N00024922,"Hensarling, Jeb"
N00007584,"Herger, Wally"
N00031559,"Herrera, Jaime"
N00024773,"Herseth, Stephanie"
N00027060,"Higgins, Brian M"
N00003875,"Hill, Baron"
N00029070,"Himes, Jim"
N00001222,"Hinchey, Maurice"
N00006008,"Hinojosa, Ruben"
N00028139,"Hirono, Mazie K"
N00003725,"Hobson, Dave"
N00033055,"Hochul, Kathleen"
N00027048,"Hodes, Paul W"
N00001529,"Hoeffel, Joseph M"
N00004155,"Hoekstra, Peter"
N00031688,"Hoeven, John"
N00001469,"Holden, Tim"
N99999942,"Holder, Eric H"
N00033399,"Holding, George"
N00002423,"Hollings, Fritz"
N00000860,"Holt, Rush"
N00012611,"Honda, Mike"
N00007700,"Hooley, Darlene"
N00033638,"Horsford, Steven"
N00003897,"Hostettler, John"
N00001329,"Houghton, Amo"
N00001821,"Hoyer, Steny H"
N99999975,"Hubbard, Allan B"
N00033630,"Hudson, Richard"
N00027649,"Huelskamp, Tim"
N00033030,"Huffman, Jared"
N00030673,"Huizenga, Bill"
N00008032,"Hulshof, Kenny"
N00031104,"Hultgren, Randy"
N00006983,"Hunter, Duncan"
N00029258,"Hunter, Duncan D"
N00031265,"Hurt, Robert"
N00005675,"Hutchison, Kay Bailey"
N00004702,"Hyde, Henry J"
N00002460,"Inglis, Bob"
N00005582,"Inhofe, James M"
N00001762,"Inouye, Daniel K"
N00001725,"Inslee, Jay R"
N00002593,"Isakson, Johnny"
N00013345,"Israel, Steve"
N00007017,"Issa, Darrell"
N00005551,"Istook, Ernest J"
N00005818,"Jackson Lee, Sheila"
N99999979,"Jackson, Alphonso"
N00012457,"Jackson, Jesse Jr"
N99999943,"Jackson, Lisa P"
N00005353,"Jefferson, William J"
N00000534,"Jeffords, James M"
N00033640,"Jeffries, Hakeem"
N00003202,"Jenkins, Bill"
N00029077,"Jenkins, Lynn"
N99999900,"Jewell, Sarah"
N00026786,"Jindal, Bobby"
N00029444,"Johanns, Michael O"
N00008038,"John, Chris"
N00032088,"Johnson, Bill"
N99999996,"Johnson, Clay III"
N00008122,"Johnson, Eddie Bernice"
N00027848,"Johnson, Hank"
N00000561,"Johnson, Nancy L"
N00032546,"Johnson, Ron"
N00008028,"Johnson, Sam"
N99999952,"Johnson, Stephen L"
N00010084,"Johnson, Tim"
N00012890,"Johnson, Timothy V."
N00003561,"Jones, Stephanie Tubbs"
N00002299,"Jones, Walter B Jr"
N00027894,"Jordan, James D"
N00035007,"Joyce, David P"
N99999916,"Kagan, Elena"
N00027618,"Kagen, Steven Leslie"
N00033177,"Kaine, Tim"
N00001509,"Kanjorski, Paul E"
N00003522,"Kaptur, Marcy"
N00030767,"Kaufman, Ted"
N00031933,"Keating, William R"
N00009614,"Keller, Ric"
N00031647,"Kelly, Mike"
N00035215,"KELLY, ROBIN L."
N00001020,"Kelly, Sue"
N00006283,"Kempthorne, Dirk"
N99999923,"Kennedy, Anthony M"
N00000308,"Kennedy, Edward M"
N00034044,"Kennedy, Joe III"
N00009670,"Kennedy, Mark"
N00000360,"Kennedy, Patrick J"
N00000245,"Kerry, John"
N00004070,"Kildee, Dale E"
N00033395,"Kildee, Dan"
N00034453,"Kilmer, Derek"
N00004005,"Kilpatrick, Carolyn Cheeks"
N00027778,"Kilroy, Mary Jo"
N00004403,"Kind, Ron"
N00034580,"King, Angus"
N00001193,"King, Pete"
N00025237,"King, Steven A"
N00002656,"Kingston, Jack"
N00030667,"Kinzinger, Adam"
N00012539,"Kirk, Mark"
N00031303,"Kirk, Paul"
N99999933,"Kirk, Ronald"
N00029260,"Kirkpatrick, Ann"
N00028859,"Kissell, Larry"
N00004330,"Kleczka, Jerry"
N00027515,"Klein, Ron"
N00004436,"Kline, John"
N00027500,"Klobuchar, Amy"
N00004045,"Knollenberg, Joe"
N00004309,"Kohl, Herb"
N00006486,"Kolbe, Jim"
N00029370,"Kosmas, Suzanne"
N00029146,"Kratovil, Frank M Jr"
N99999902,"Krueger, Alan B"
N00003572,"Kucinich, Dennis J"
N00026087,"Kuhl, John R Jr"
N00030875,"Kuster, Ann Mclane"
N00006406,"Kyl, Jon"
N00031377,"Labrador, Raul"
N00004933,"LaHood, Ray"
N00033987,"LaMalfa, Doug"
N00028133,"Lamborn, Douglas L"
N00005928,"Lampson, Nick"
N00000898,"Lance, Leonard"
N00005395,"Landrieu, Mary L"
N00031503,"Landry, Jeffrey M"
N00009724,"Langevin, Jim"
N00031129,"Lankford, James"
N00007382,"Lantos, Tom"
N00009759,"Larsen, Rick"
N00000575,"Larson, John B"
N00004227,"Latham, Tom"
N00003545,"LaTourette, Steven C"
N00012233,"Latta, Robert E"
N00000659,"Lautenberg, Frank R"
N00004280,"Leach, Jim"
N00009918,"Leahy, Patrick"
N99999960,"Leavitt, Michael"
N00008046,"Lee, Barbara"
N00030198,"Lee, Christopher J"
N00031696,"Lee, Mike"
N00031304,"LeMieux, George S"
N00001691,"Levin, Carl"
N00003950,"Levin, Sander"
N99999911,"Lew, Jack"
N00007087,"Lewis, Jerry"
N00002577,"Lewis, John"
N00003476,"Lewis, Ron"
N99999995,"Libby, I Lewis"
N00000616,"Lieberman, Joe"
N00008092,"Lincoln, Blanche"
N00002599,"Linder, John"
N00004856,"Lipinski, Bill"
N00027239,"Lipinski, Daniel William"
N00000851,"LoBiondo, Frank A"
N99999934,"Locke, Gary F"
N00027741,"Loebsack, David"
N00007479,"Lofgren, Zoe"
N00030676,"Long, Billy"
N00003329,"Lott, Trent"
N00033274,"Lowenthal, Alan"
N00001024,"Lowey, Nita M"
N00005559,"Lucas, Frank D"
N00003444,"Lucas, Ken"
N00030026,"Luetkemeyer, Blaine"
N00001764,"Lugar, Richard G"
N00029562,"Lujan, Ben R"
N00029788,"Lummis, Cynthia Marie"
N00011971,"Lungren, Dan"
N00013855,"Lynch, Stephen F"
N00026425,"Mack, Connie"
N00027891,"Maffei, Dan"
N00027804,"Mahoney, Timothy Edward"
N00025138,"Majette, Denise L"
N00000078,"Maloney, Carolyn B"
N00034277,"Maloney, Sean Patrick"
N00032838,"Manchin, Joe"
N00004905,"Manzullo, Don"
N00026710,"Marchant, Kenny Ewell"
N00031777,"Marino, Tom"
N00029128,"Markey, Betsy"
N00000270,"Markey, Edward J"
N00009635,"Marshall, Jim"
N00026748,"Martinez, Mel"
N00027550,"Massa, Eric"
N00034041,"Massie, Thomas"
N00009753,"Matheson, Jim"
N00027459,"Matsui, Doris"
N00006424,"McCain, John"
N00001148,"McCarthy, Carolyn"
N00005119,"McCarthy, Karen"
N00028152,"McCarthy, Kevin"
N00027694,"McCaskill, Claire"
N00026460,"McCaul, Michael"
N00006863,"McClintock, Tom"
N00012942,"McCollum, Betty"
N00003389,"McConnell, Mitch"
N00013808,"McCotter, Thad"
N00005414,"McCrery, Jim"
N00009829,"McDermott, Jim"
N00000179,"McGovern, James P"
N00026627,"McHenry, Patrick"
N00001276,"McHugh, John M"
N00006213,"McInnis, Scott"
N00002356,"McIntyre, Mike"
N00006882,"McKeon, Howard P ""Buck"""
N00031681,"McKinley, David B"
N00002511,"McKinney, Cynthia A"
N00033509,"McLeod, Gloria"
N00030267,"McMahon, Michael E"
N00026314,"McMorris Rodgers, Cathy"
N00026926,"McNerney, Jerry"
N00001214,"McNulty, Michael R"
N00033631,"Meadows, Mark R"
N00000205,"Meehan, Marty"
N00031134,"Meehan, Patrick L"
N00025692,"Meek, Kendrick B"
N00001171,"Meeks, Gregory W"
N00026840,"Melancon, Charles J"
N00000699,"Menendez, Robert"
N00034547,"Meng, Grace"
N00029303,"Merkley, Jeff"
N00012546,"Messer, Luke"
N00002793,"Mica, John L"
N00024770,"Michaud, Mike"
N00001945,"Mikulski, Barbara A"
N00006811,"Millender-McDonald, Juanita"
N00025093,"Miller, Brad"
N00009795,"Miller, Candice S"
N00006954,"Miller, Gary"
N00007390,"Miller, George"
N00013846,"Miller, Jeff"
N00013436,"Miller, Zell"
N99999906,"Mills, Karen"
N00001701,"Mineta, Norman Y"
N00006288,"Minnick, Walter Clifford"
N00028162,"Mitchell, Harry E"
N00002214,"Mollohan, Alan B"
N99999898,"Moniz, Ernest"
N00005233,"Moore, Dennis"
N00026914,"Moore, Gwen"
N00005282,"Moran, Jerry"
N00002083,"Moran, Jim"
N99999908,"Mueller, Robert S"
N99999950,"Mukasey, Michael B"
N00033410,"Mullin, Markwayne"
N00031412,"Mulvaney, John Michael ""Mick''"
N00026050,"Murkowski, Lisa"
N00027566,"Murphy, Chris"
N00033091,"Murphy, Patrick"
N00027594,"Murphy, Patrick J"
N00030682,"Murphy, Scott"
N00024992,"Murphy, Tim"
N00007876,"Murray, Patty"
N00001408,"Murtha, John P"
N00025054,"Musgrave, Marilyn"
N00002327,"Myrick, Sue"
N00000939,"Nadler, Jerrold"
N00006789,"Napolitano, Grace"
N99999944,"Napolitano, Janet A"
N00000153,"Neal, Richard E"
N00005329,"Nelson, Ben"
N00009926,"Nelson, Bill"
N00008166,"Nethercutt, George R Jr"
N00026043,"Neugebauer, Randy"
N00003532,"Ney, Bob"
N99999970,"Nicholson, Robert J"
N00005617,"Nickles, Don"
N00032022,"Noem, Kristi Lynn"
N00021207,"Nolan, Rick"
N00003392,"Northup, Anne M"
N00001692,"Norton, Eleanor Holmes"
N00006143,"Norton, Gale Ann"
N00002630,"Norwood, Charles W"
N00032441,"Nugent, Richard B"
N00007248,"Nunes, Devin Gerald"
N00031006,"Nunnelee, Alan"
N00004255,"Nussle, Jim"
N00029784,"Nye, Glenn"
N00009638,"Obama, Barack"
N00001806,"Oberstar, James L"
N00004394,"Obey, David R"
N00029285,"Olson, Peter Graham"
N00000143,"Olver, John W"
N00033540,"O'Rourke, Beto"
N99999947,"Orszag, Peter R"
N00005998,"Ortiz, Solomon P"
N00012970,"Osborne, Tom"
N00007581,"Ose, Doug"
N00009637,"Otter, C L 'Butch'"
N00031011,"Owens, Bill"
N00001074,"Owens, Major R"
N00003736,"Oxley, Michael G"
N00031958,"Palazzo, Steven"
N00000781,"Pallone, Frank Jr"
N99999912,"Panetta, Leon E"
N00000751,"Pascrell, Bill Jr"
N00006397,"Pastor, Ed"
N00030836,"Paul, Rand"
N00005906,"Paul, Ron"
N99999965,"Paulison, R David"
N00029391,"Paulsen, Erik"
N99999962,"Paulson, Henry M."
N00000716,"Payne, Donald M"
N00034639,"PAYNE, DONALD M."
N99999953,"Peake, James B"
N00012672,"Pearce, Steve"
N00007360,"Pelosi, Nancy"
N00003765,"Pence, Mike"
N00027510,"Perlmutter, Edwin G"
N00029339,"Perriello, Tom"
N00034120,"Perry, Scott"
N00029277,"Peters, Gary"
N99999956,"Peters, Mary"
N00033591,"Peters, Scott"
N00004558,"Peterson, Collin C"
N00001422,"Peterson, John E"
N00004426,"Petri, Tom"
N00003341,"Pickering, Charles ""Chip"" Jr"
N00029168,"Pierluisi, Pedro"
N00013817,"Pingree, Chellie"
N00034416,"Pittenger, Robert"
N00001633,"Pitts, Joe"
N00009719,"Platts, Todd"
N99999913,"Plouffe, David"
N00033549,"Pocan, Mark"
N00026457,"Poe, Ted"
N00029127,"Polis, Jared"
N00007516,"Pombo, Richard"
N00008113,"Pomeroy, Earl"
N00030744,"Pompeo, Michael Richard"
N00012560,"Porter, Jon"
N00003682,"Portman, Rob"
N00029662,"Posey, Bill"
N99999955,"Preston, Steven C"
N00002260,"Price, David"
N00026160,"Price, Tom"
N00003504,"Pryce, Deborah"
N00013823,"Pryor, Mark"
N00009618,"Putnam, Adam H"
N00031723,"Quayle, Ben"
N00030581,"Quigley, Mike"
N00001290,"Quinn, Jack"
N00007507,"Radanovich, George"
N00034017,"Radel, Trey"
N00002198,"Rahall, Nick"
N00004484,"Ramstad, Jim"
N00000964,"Rangel, Charles B"
N00000362,"Reed, Jack"
N00030949,"Reed, Tom"
N00003651,"Regula, Ralph"
N00004645,"Rehberg, Denny"
N00026885,"Reichert, Dave"
N00009922,"Reid, Harry"
N00031127,"Renacci, James B"
N00024931,"Renzi, Rick"
N00006067,"Reyes, Silvestre"
N00001295,"Reynolds, Tom"
N00030968,"Ribble, Reid"
N99999990,"Rice, Condoleezza"
N99999935,"Rice, Susan E"
N00033832,"Rice, Tom"
N00029112,"Richardson, Laura"
N00030184,"Richmond, Cedric L"
N00030962,"Rigell, Scott"
N00029441,"Risch, James E"
N00031216,"RIVERA, DAVID"
N00031887,"Rivera, David"
N99999922,"Roberts, John G"
N00005285,"Roberts, Pat"
N00030768,"Roby, Martha"
N00001685,"Rockefeller, Jay"
N00009828,"Rodriguez, Ciro D"
N00028463,"Roe, David Philip"
N00003473,"Rogers, Hal"
N00024759,"Rogers, Mike"
N00009668,"Rogers, Mike"
N00007151,"Rohrabacher, Dana"
N00031741,"Rokita, Todd"
N99999936,"Romer, Christina D"
N00000286,"Romney, Mitt"
N00029018,"Rooney, Tom"
N00004719,"Roskam, Peter"
N00002858,"Ros-Lehtinen, Ileana"
N00030645,"Ross, Dennis"
N00009571,"Ross, Mike"
N00031253,"Rothfus, Keith J"
N00008619,"Rothman, Steven R"
N99999989,"Rove, Karl C"
N00006671,"Roybal-Allard, Lucille"
N00008264,"Royce, Ed"
N00030612,"Rubio, Marco"
N00033510,"Ruiz, Raul"
N99999981,"Rumsfeld, Donald H"
N00031988,"Runyan, Jon"
N00025482,"Ruppersberger, Dutch"
N00004887,"Rush, Bobby L"
N00004357,"Ryan, Paul"
N00025280,"Ryan, Tim"
N00005218,"Ryun, Jim"
N00030418,"Sablan, Gregorio Kilili Cama"
N00004489,"Sabo, Martin Olav"
N00026431,"Salazar, John"
N00026892,"Salazar, Ken"
N00027644,"Sali, William T"
N00006446,"Salmon, Matt"
N00024870,"Sanchez, Linda"
N00008274,"Sanchez, Loretta"
N00000528,"Sanders, Bernie"
N00005724,"Sandlin, Max"
N00002424,"Sanford, Mark"
N00001380,"Santorum, Rick"
N00027751,"Sarbanes, John"
N00001979,"Sarbanes, Paul S"
N00000834,"Saxton, Jim"
N99999921,"Scalia, Antonin"
N00009660,"Scalise, Stephen Joseph ""Steve"
N99999954,"Schafer, Edward T"
N00004724,"Schakowsky, Jan"
N99999946,"Schapiro, Mary L"
N00028138,"Schatz, Brian"
N00029327,"Schauer, Mark"
N00009585,"Schiff, Adam"
N00030668,"Schilling, Bobby"
N00027526,"Schmidt, Jean"
N00033101,"Schneider, Brad"
N00029273,"Schock, Aaron"
N00030071,"Schrader, Kurt"
N00012656,"Schrock, Ed"
N00026106,"Schultz, Debbie Wasserman"
N00001093,"Schumer, Charles E"
N99999963,"Schwab, Susan"
N00001579,"Schwartz, Allyson"
N00004128,"Schwarz, Joe"
N00006460,"Schweikert, David"
N00032457,"Scott, Austin"
N00024871,"Scott, David"
N00002147,"Scott, Robert C"
N00031782,"Scott, Tim"
N99999937,"Sebelius, Kathleen"
N00028489,"Sekula-Gibbs, Shelley"
N00004291,"Sensenbrenner, F James Jr"
N00001813,"Serrano, Jose E"
N00003062,"Sessions, Jeff"
N00005681,"Sessions, Pete"
N00028049,"Sestak, Joe"
N00030622,"Sewell, Terri"
N00006425,"Shadegg, John"
N00024790,"Shaheen, Jeanne"
N00002877,"Shaw, E Clay Jr"
N00000652,"Shays, Christopher"
N00028091,"Shea-Porter, Carol"
N00009920,"Shelby, Richard C"
N00006897,"Sherman, Brad"
N00001510,"Sherwood, Don"
N00004961,"Shimkus, John M"
N99999945,"Shinseki, Eric K"
N00027655,"Shuler, Heath"
N00013770,"Shuster, Bill"
N00009608,"Simmons, Rob"
N00006263,"Simpson, Mike"
N00033983,"Sinema, Kyrsten"
N00027523,"Sires, Albio"
N00005105,"Skelton, Ike"
N00001311,"Slaughter, Louise M"
N00007833,"Smith, Adam"
N00027623,"Smith, Adrian"
N00009816,"Smith, Chris"
N00007815,"Smith, Gordon H"
N00001811,"Smith, Lamar"
N00004113,"Smith, Nick"
N99999987,"Snow, John W"
N00000480,"Snowe, Olympia J"
N00008188,"Snyder, Vic"
N00013869,"Sodrel, Michael E"
N00009586,"Solis, Hilda L."
N99999915,"Sotomayor, Sonia"
N00003844,"Souder, Mark E"
N99999920,"Souter, David H"
N00031204,"Southerland, Steve"
N00027902,"Space, Zachary T"
N00001604,"Specter, Arlen"
N00029649,"Speier, Jackie"
N99999974,"Spellings, Margaret M"
N00002492,"Spratt, John M Jr"
N00004118,"Stabenow, Debbie"
N00007397,"Stark, Pete"
N00002782,"Stearns, Cliff"
N00006060,"Stenholm, Charles W"
N99999919,"Stevens, John Paul"
N00007997,"Stevens, Ted"
N00033932,"Stewart, Chris"
N00029574,"Stivers, Steve"
N00005918,"STOCKMAN, STEVE"
N00003730,"Strickland, Ted"
N00004196,"Stupak, Bart"
N00030891,"Stutzman, Marlin A"
N00013847,"Sullivan, John"
N00000397,"Sununu, John E"
N00027901,"Sutton, Betty Sue"
N00033508,"Swalwell, Eric"
N00009821,"Sweeney, John E"
N00006701,"Takano, Mark"
N00005004,"Talent, James M."
N00006103,"Tancredo, Tom"
N00003254,"Tanner, John"
N00007422,"Tauscher, Ellen"
N00005372,"Tauzin, Billy"
N00002383,"Taylor, Charles H"
N00003350,"Taylor, Gene"
N00029556,"Teague, Harry"
N00005321,"Terry, Lee"
N00027605,"Tester, Jon"
N00007256,"Thomas, Bill"
N99999918,"Thomas, Clarence"
N00006246,"Thomas, Craig"
N00003288,"Thompson, Bennie G"
N00029736,"Thompson, Glenn"
N00007419,"Thompson, Mike"
N00008916,"Thompson, Tommy"
N00006052,"Thornberry, Mac"
N00004572,"Thune, John"
N00008144,"Tiahrt, Todd"
N00009699,"Tiberi, Patrick J."
N00000226,"Tierney, John F"
N00027509,"Tipton, Scott"
N00030191,"Titus, Dina"
N00030196,"Tonko, Paul"
N00001489,"Toomey, Pat"
N00001082,"Towns, Edolphus"
N00029026,"Tsongas, Niki"
N00005731,"Turner, Jim"
N00025175,"Turner, Michael R"
N00032601,"Turner, Robert L"
N00008051,"Udall, Mark"
N00006561,"Udall, Tom"
N00004133,"Upton, Fred"
N00033367,"Valadao, David"
N00013820,"Van Hollen, Chris"
N00007021,"Vargas, Juan"
N00033839,"Veasey, Marc"
N00034349,"Vela, Filemon"
N00001102,"Velazquez, Nydia M"
N00028933,"Vilsack, Thomas J"
N00003813,"Visclosky, Pete"
N00009659,"Vitter, David"
N00003583,"Voinovich, George V"
N00033106,"Wagner, Ann L"
N00026368,"Walberg, Tim"
N00007690,"Walden, Greg"
N00031226,"WALORSKI, JACKIE"
N00001261,"Walsh, James T"
N00004723,"Walsh, Joe"
N99999949,"Walters, John P"
N00027467,"Walz, Timothy J"
N00003159,"Wamp, Zach"
N00002061,"Warner, John W"
N00002097,"Warner, Mark"
N00033492,"Warren, Elizabeth"
N00006690,"Waters, Maxine"
N00013744,"Watson, Diane E"
N00002328,"Watt, Melvin L"
N00001861,"Waxman, Henry A"
N00028058,"Webb, James"
N00033539,"Weber, Randy"
N00026335,"Webster, Daniel"
N00001110,"Weiner, Anthony D"
N00000515,"Welch, Peter"
N00001535,"Weldon, Curt"
N00002807,"Weldon, Dave"
N00004745,"Weller, Jerry"
N00033310,"Wenstrup, Brad"
N00029131,"West, Allen B"
N00026163,"Westmoreland, Lynn A"
N00002905,"Wexler, Robert"
N00027533,"Whitehouse, Sheldon"
N00003467,"Whitfield, Ed"
N00003280,"Wicker, Roger"
N00030602,"Williams, Roger"
N00003528,"Wilson, Charlie"
N00030650,"Wilson, Frederica S"
N00006546,"Wilson, Heather"
N00024809,"Wilson, Joe"
N00029459,"Wittman, Rob"
N00002073,"Wolf, Frank R"
N00031857,"Womack, Steve"
N00032416,"Woodall, Rob"
N00007458,"Woolsey, Lynn"
N00009824,"Wu, David"
N00007724,"Wyden, Ron"
N00001849,"Wynn, Albert R"
N00028073,"Yarmuth, John A"
N00031502,"Yoder, Kevin W"
N00033220,"Yoho, Ted"
N00001817,"Young, C W Bill"
N00007999,"Young, Don"
N00030670,"Young, Todd"
N99999905,"Zients, Jeffrey"